[
  {
    "id": "ip15p256",
    "name": "iPhone 15 Pro 256GB",
    "price": 299.9,
    "brand": "Apple",
    "img": "assets/iphone.svg",
    "desc": "A17 | 6.1\" | ضمان الوكيل"
  },
  {
    "id": "ip15p512",
    "name": "iPhone 15 Pro 512GB",
    "price": 359.9,
    "brand": "Apple",
    "img": "assets/iphone.svg",
    "desc": "A17 | 6.1\" | ضمان الوكيل"
  },
  {
    "id": "s24u256",
    "name": "Galaxy S24 Ultra 256GB",
    "price": 279.9,
    "brand": "Samsung",
    "img": "assets/samsung.svg",
    "desc": "S Pen | شاشة 6.8\" | ضمان الوكيل"
  },
  {
    "id": "rn13p",
    "name": "Redmi Note 13 Pro",
    "price": 94.9,
    "brand": "Xiaomi",
    "img": "assets/xiaomi.svg",
    "desc": "كاميرا 200MP | شحن سريع"
  },
  {
    "id": "p8pro",
    "name": "Google Pixel 8 Pro 256GB",
    "price": 239.9,
    "brand": "Google",
    "img": "assets/pixel.svg",
    "desc": "شاشة 6.7\" | كاميرا متقدمة"
  },
  {
    "id": "one12",
    "name": "OnePlus 12 256GB",
    "price": 219.9,
    "brand": "OnePlus",
    "img": "assets/oneplus.svg",
    "desc": "شحن 100W | أداء قوي"
  }
]